0,1,2,3,4,5,6,7,8,9,10,11,12,13,14,15,16,17,18,19,20,21,22,23,24,25,26,27,28,29,30,31,32,33,34,35,36,37,38,39,40,41,42,43,44,45,46,47,48,49,50,51,52,53,54,55,56,57
,,,,,,,,,,,,,,,,,,,,,,,,,,,,,,,,,,,,,,,,,,,,,,,,,,,,,,,,,
"['F', 'IH', 'N', 'Z']","['HH', 'IH', 'T', 'S']","['Y', 'AO', 'R', 'S']","['W', 'EH', 'L']","['B', 'EH', 'R']",,,,,,,,,,,,,,,,,,,,,,,,,,,,,,,,,,,,,,,,,,,,,,,,,,,,,
"['K', 'R', 'EY', 'N']","['D', 'AO', 'G', 'IY', 'Z']","['HH', 'EH', 'N', 'Z']","['K', 'L', 'OW', 'DH', 'Z']","['Y', 'UW', 'D']","['K', 'UH', 'K', 'IH', 'NG']","['S', 'W', 'IH', 'M', 'Z']","['G', 'EH', 'T']","['W', 'EY', 'K', 'S']","['Y', 'UW', 'S']","['M', 'AE', 'K', 'S']","['K', 'EY', 'T', 'IY']","['S', 'AY', 'N', 'Z']","['P', 'UH', 'SH', 'IH', 'NG']","['W', 'IY', 'K']","['K', 'AE', 'M']","['L', 'ER', 'N', 'D']",,,,,,,,,,,,,,,,,,,,,,,,,,,,,,,,,,,,,,,,,
"['D', 'IY', 'L']","['L', 'AE', 'D']","['AH', 'S']","['K', 'AE', 'T', 'S']","['R', 'AY', 'D', 'ER']","['P', 'AH', 'P']","['DH', 'EH', 'R']","['S', 'N', 'OW', 'D']","['S', 'IH', 'N', 'S']","['F', 'EY', 'T']","['F', 'R', 'AW', 'N']","['D', 'EH', 'M', 'IY']","['S', 'AA', 'K', 'S']","['K', 'AH', 'L', 'ER', 'IH', 'NG']","['L', 'AY', 'K', 'L', 'IY']","['K', 'R', 'AE', 'K', 'S']","['M', 'IY', 'N']","['T', 'IH', 'K']","['B', 'R', 'AH', 'M']","['S', 'T', 'AH', 'F']","['D', 'R', 'AY', 'V', 'ER']","['K', 'R', 'IY', 'K']","['R', 'IH', 'B', 'AH', 'N', 'Z']","['P', 'L', 'EY', 'S']","['S', 'T', 'UW']","['D', 'UW', 'D', 'UW']",,,,,,,,,,,,,,,,,,,,,,,,,,,,,,,,
"['D', 'R', 'AY', 'Z']","['G', 'R', 'IH', 'L']","['S', 'UW', 'P', 'S']","['S', 'P', 'AO', 'R', 'T', 'S']","['S', 'T', 'IH', 'R']","['JH', 'AA', 'L', 'IY', 'Z']","['T', 'EH', 'R', 'IH', 'NG']","['K', 'R', 'IY', 'M', 'IY']","['T', 'R', 'IH', 'P', 'IH', 'NG']","['AW', 'L', 'Z']","['M', 'ER', 'F', 'IY']","['R', 'OW', 'L', 'OW']","['T', 'AH', 'N', 'AH', 'L', 'S']","['P', 'AH', 'F', 'IH', 'N']","['HH', 'AA', 'NG', 'K']","['S', 'N', 'AA', 'T', 'IY']","['S', 'IH', 'L']","['F', 'AA', 'L', 'AH', 'N']","['R', 'UW', 'S', 'T']","['D', 'R', 'IH', 'P', 'S']","['V', 'IH', 'L', 'AH']","['K', 'AH', 'L', 'ER', 'Z']","['S', 'AH', 'K', 'IH', 'NG']","['R', 'IH', 'NG', 'Z']","['F', 'AY', 'N', 'D', 'Z']","['K', 'UH', 'SH', 'AH', 'N']","['JH', 'EH', 'T']","['S', 'M', 'AY', 'L']","['R', 'AH', 'L', 'IY', 'F']","['T', 'R', 'EY', 'Z']","['B', 'EY', 'B', 'IY', 'Z']","['R', 'UW', 'S', 'T', 'ER']","['T', 'AA', 'T', 'IY']","['M', 'UW', 'S']",,,,,,,,,,,,,,,,,,,,,,,,
"['S', 'N', 'OW']","['N', 'OW', 'Z', 'D']","['W', 'AA', 'SH', 'ER', 'Z']","['P', 'AH', 'D', 'AH', 'L']","['G', 'UH', 'D']","['S', 'L', 'OW', 'ER']","['F', 'AA', 'R', 'M', 'Z']","['P', 'L', 'AH', 'S']","['AH', 'T', 'AE', 'K']","['HH', 'UW', 'V']","['S', 'IY', 'L']","['S', 'AH', 'M', 'TH', 'IH', 'NG']","['HH', 'OW', 'L']","['F', 'AE', 'G']","['N', 'IY', 'L']","['N', 'AE', 'N', 'AH']","['M', 'EY', 'L']","['B', 'IY', 'T', 'IH', 'NG']","['EH', 'L']","['F', 'EH', 'R', 'L', 'IY']","['B', 'AH', 'G', 'IY', 'Z']","['CH', 'IH', 'R', 'Z']","['R', 'AE', 'K', 'AH', 'T']","['F', 'IY', 'D', 'ER', 'Z']","['W', 'EH', 'B', 'D']","['R', 'AO', 'S']","['S', 'T', 'R', 'AO', 'B', 'EH', 'R', 'IY', 'Z']","['W', 'IY', 'W', 'IY']","['T', 'R', 'AY', 'T', 'R', 'AY']","['M', 'AY', 'M', 'AY']","['F', 'L', 'AE', 'SH']","['M', 'IH', 'S', 'AH', 'Z']","['K', 'AA', 'M', 'AH']","['G', 'AE', 'L', 'AH', 'P', 'IH', 'NG']","['D', 'AY', 'AH', 'L']",,,,,,,,,,,,,,,,,,,,,,,
"['B', 'OW', 'T', 'S']","['AH', 'N', 'T', 'AY', 'D', 'IY']","['AH', 'L', 'AE', 'D', 'AH', 'N']","['P', 'EY', 'D']","['L', 'AE', 'S', 'T', 'IH', 'NG']","['R', 'AH', 'L', 'AY', 'Z']","['Y', 'UW', 'V']","['K', 'AH', 'V', 'ER', 'D']","['D', 'IY', 'S', 'AH', 'L']","['T', 'R', 'AH', 'B', 'AH', 'L', 'Z']","['T', 'R', 'AA', 'T']","['AE', 'K', 'S', 'AH', 'L', 'S']","['L', 'IY', 'V', 'Z']","['S', 'T', 'EY', 'B', 'AH', 'L']","['B', 'IH', 'L', 'D', 'IH', 'NG', 'Z']","['IH', 'T', 'AH', 'L']","['P', 'ER', 'IH', 'NG']","['B', 'AE', 'T', 'ER', 'D']","['P', 'AE', 'K']","['W', 'IH', 'G', 'AH', 'L']","['N', 'OW', 'M', 'Z']","['W', 'AY', 'D']","['L', 'AY', 'V']","['M', 'OW', 'L', 'D']","['B', 'ER', 'P']","['HH', 'EH', 'R', 'IY', 'Z']","['N', 'AE', 'K']","['S', 'P', 'EH', 'K', 'AH', 'L', 'D']","['D', 'EH', 'F', 'AH', 'N']","['B', 'ER', 'N', 'Z']","['F', 'L', 'ER', 'T', 'IH', 'NG']","['P', 'R', 'IH', 'K', 'L', 'IY']","['W', 'AA']","['IY', 'Z', 'IY']","['AY', 'D']","['K', 'IY']","['L', 'AH', 'K', 'IY', 'Z']","['S', 'AO', 'D']",,,,,,,,,,,,,,,,,,,,
"['K', 'UH', 'D', 'AH', 'N', 'T']","['JH', 'IY', 'N', 'IY']","['HH', 'AW', 'Z']","['R', 'IH', 'NG', 'K', 'AH', 'L', 'IH', 'NG']","['P', 'AE', 'N', 'T', 'IY']","['F', 'ER', 'M']","['B', 'UW', 'M']","['TH', 'AW', 'Z', 'AH', 'N', 'D', 'Z']","['HH', 'AY', 'D']","['HH', 'AA', 'P', 'IH', 'NG']","['P', 'AO', 'R', 'K']","['S', 'L', 'OW', 'P', 'IH', 'NG']","['M', 'AH', 'K']","['K', 'AA', 'M']","['AE', 'T']","['B', 'AE', 'T', 'ER', 'IY']","['S', 'N', 'IY', 'Z']","['UW', 'UW']","['D', 'AY', 'D']","['S', 'K', 'R', 'IH', 'B', 'AH', 'L']","['D', 'R', 'IH', 'V', 'AH', 'N']","['B', 'OW', 'B', 'OW']","['D', 'IH', 'S', 'P', 'EH', 'N', 'S']","['S', 'T', 'R', 'EY', 'N']","['P', 'L', 'AA']","['M', 'IH', 'S', 'AH', 'L']","['S', 'AH', 'NG']","['F', 'EY', 'S']","['P', 'IY', 'G', 'R', 'IY', 'N']","['AO', 'F', 'AO', 'F']","['B', 'AH', 'L', 'AO', 'NG']","['AH', 'F', 'EH', 'K', 'T', 'S']","['K', 'R', 'OW']","['W', 'IH', 'N', 'D', 'IY']","['T', 'R', 'AO', 'F']","['L', 'EY', 'T', 'ER']","['W', 'EH', 'R', 'AA', 'R']","['R', 'AY', 'Z', 'ER']","['SH', 'IY', 'K']","['IH', 'N', 'T', 'EH', 'N', 'D']","['L', 'IH', 'V', 'ER', 'IY']","['S', 'T', 'EY', 'T']","['M', 'OW', 'B', 'AH', 'L', 'S']","['P', 'OW', 'K', 'S']","['F', 'IH', 'L', 'D']","['AE', 'R', 'OW', 'Z']","['T', 'IH', 'L', 'IY']","['TH', 'R', 'EH', 'D']","['K', 'IH', 'S', 'K', 'IH', 'S']","['D', 'R', 'EH', 'D']","['K', 'AY', 'N', 'D', 'ER']",,,,,,,
"['F', 'AH', 'S']","['S', 'L', 'EY', 'T']","['T', 'EY', 'P', 'S']","['S', 'AY', 'K', 'AH', 'L', 'IH', 'NG']","['T', 'AO', 'T']","['K', 'AH', 'T', 'S']","['B', 'AE', 'G', 'IY']","['T', 'IH', 'B', 'IY']","['S', 'ER', 'F']","['R', 'UW', 'L', 'Z']","['S', 'AY', 'Z']","['G', 'EH', 'S', 'T']","['HH', 'AE', 'T']","['Z', 'UW', 'L']","['B', 'EH', 'N', 'IY', 'Z']","['B', 'R', 'AA', 'K', 'AH', 'L', 'IY', 'Z']","['S', 'T', 'AA', 'P', 'T']","['T', 'IH', 'P', 'ER']","['T', 'EY', 'P', 'IH', 'NG']","['D', 'R', 'IH', 'NG', 'K']","['JH', 'ER', 'N', 'IY']","['CH', 'OW', 'Z']","['T', 'R', 'AA', 'L', 'IY']","['S', 'K', 'IY']","['HH', 'IH', 'CH']","['N', 'AO', 'T', 'IY']","['R', 'AO', 'R']","['D', 'AH', 'L', 'EY']","['JH', 'EY', 'B', 'ER', 'D']","['B', 'EY', 'L', 'Z']","['B', 'AO', 'R', 'D']",,,,,,,,,,,,,,,,,,,,,,,,,,,
"['SH', 'EH', 'L', 'IY']","['R', 'AH', 'P', 'EH', 'R', 'D']","['CH', 'AH', 'M']","['T', 'EH', 'D', 'AH', 'L']","['T', 'AY', 'L', 'Z']","['B', 'AA', 'T', 'AH', 'L']","['W', 'AH', 'N', 'AH', 'L']","['T', 'EH', 'R', 'ER']","['B', 'R', 'EH', 'TH']","['S', 'AH', 'P', 'ER']","['T', 'AO', 'L', 'S']","['L', 'AO', 'G', 'Z']","['K', 'AE', 'N', 'S', 'AH', 'L']","['T', 'R', 'AE', 'V', 'AH', 'L']","['T', 'AY', 'T', 'AH', 'N', 'D']","['T', 'EY', 'B', 'AH', 'L', 'S']","['HH', 'IY', 'D']","['AE', 'L', 'AH', 'S', 'T', 'EH', 'R']","['G', 'L', 'UW', 'D']","['S', 'T', 'AH', 'F', 'IH', 'NG']","['UW', 'P', 'S']","['B', 'AE', 'D']","['S', 'K', 'W', 'IY', 'K']","['TH', 'IH', 'N', 'ER']","['K', 'AA', 'M', 'AH']","['L', 'UW']","['T', 'EY', 'M', 'ER']","['M', 'EH', 'R', 'IY', 'D']","['N', 'AH', 'TH', 'IH', 'NG', 'Z']","['P', 'L', 'EY', 'S', 'AH', 'Z']","['G', 'ER', 'L', 'S']","['S', 'W', 'IH', 'L']","['B', 'AO', 'B', 'AH', 'L', 'Z']","['D', 'R', 'EH', 'S', 'IH', 'NG']","['M', 'IH', 'Z', 'ER', 'IY']","['B', 'EH', 'S', 'T']","['T', 'R', 'EY', 'D', 'ER', 'Z']","['T', 'EH', 'S', 'T', 'S']","['SH', 'EY', 'D']","['D', 'EH', 'R', 'IY']","['S', 'P', 'AY']",,,,,,,,,,,,,,,,,
"['S', 'L', 'OW', 'P', 'IH', 'NG']","['S', 'M', 'AE', 'SH']","['B', 'AH', 'T', 'IH', 'NG']","['R', 'OW', 'Z', 'IY']","['EY', 'Z']","['P', 'AH', 'L', 'IY', 'S']","['W', 'EY', 'L', 'S']","['B', 'UH', 'Z', 'AH', 'M']","['B', 'AA', 'N', 'AH', 'T']","['G', 'IY', 'S']","['L', 'OW', 'N', 'D']","['P', 'IY', 'P', 'AH', 'L']","['B', 'AH', 'T', 'S']","['L', 'IH', 'P', 'S']","['S', 'IH', 'T', 'IH', 'NG']","['T', 'AO', 'K', 'T']","['S', 'L', 'IY', 'V', 'Z']","['W', 'AA', 'L', 'OW', 'IH', 'NG']","['P', 'AE', 'D', 'IH', 'NG']","['K', 'IH', 'D', 'Z']","['F', 'IH', 'R', 'S']","['T', 'AH', 'D', 'EY']","['M', 'OW', 'Z', 'AH', 'S']","['W', 'UW']","['S', 'OW', 'L', 'D']","['S', 'T', 'UW', 'P', 'AH', 'D']","['S', 'P', 'ER', 'Z']","['D', 'IH', 'S', 'K', 'AH', 'S']","['B', 'AY', 'T', 'S']","['P', 'EY', 'JH', 'IH', 'NG']","['K', 'AH', 'P']","['K', 'IH', 'D']","['R', 'AH', 'B', 'Z']","['S', 'N', 'EY', 'K']","['P', 'L', 'EY', 'N', 'Z']","['HH', 'AE', 'M']","['B', 'IY', 'K']","['S', 'K', 'W', 'IY', 'L', 'IH', 'NG']","['K', 'R', 'AY', 'D']","['S', 'T', 'AA', 'P']","['F', 'IY', 'L', 'D', 'S']","['L', 'IY', 'D', 'IH', 'NG']","['M', 'EH', 'L', 'AH', 'D', 'IY']","['W', 'EH', 'L']","['P', 'IH', 'NG', 'K', 'S']","['F', 'AW', 'L']","['B', 'R', 'AE', 'S']","['M', 'AO', 'R']","['B', 'AE', 'N', 'D']","['K', 'L', 'IY', 'N', 'D']","['TH', 'AE', 'NG', 'K', 'IH', 'NG']","['D', 'AW', 'N', 'D']","['P', 'R', 'EH', 'S', 'T']","['EH', 'R', 'AH', 'N']","['S', 'P', 'AA', 'T', 'S']","['W', 'IY', 'L', 'Z']","['P', 'AH', 'F']","['T', 'IH', 'P', 'ER']"
"['T', 'EY', 'S', 'T', 'IH', 'NG']","['S', 'T', 'UW']","['B', 'AE', 'L', 'AH', 'N', 'S']","['AW', 'L', 'Z']","['W', 'AA', 'SH', 'ER']","['F', 'AA', 'L']","['S', 'EH', 'K', 'AH', 'N', 'D']","['W', 'ER', 'D']","['SH', 'AA', 'P', 'IH', 'NG', 'S']","['HH', 'AE', 'N', 'AH']","['M', 'IY', 'M', 'IY']","['G', 'AA', 'CH', 'AH']","['W', 'AH', 'T', 'ER']","['P', 'R', 'EY']","['P', 'IH', 'K', 'N', 'IH', 'K', 'S']","['SH', 'EH', 'L', 'IY']","['S', 'M', 'AO', 'L']","['M', 'AH', 'K']","['N', 'ER', 'V', 'Z']","['T', 'EY', 'S', 'T']","['HH', 'IH', 'D']","['M', 'AH', 'DH', 'ER', 'Z']","['HH', 'AY', 'D', 'IY', 'Z']","['B', 'EY', 'K', 'S']","['R', 'UW', 'T']","['SH', 'AW', 'T']","['B', 'AW', 'N', 'S', 'T']","['N', 'OW', 'Z']","['K', 'AA', 'R']","['L', 'AY', 'ER']","['T', 'IY', 'TH', 'S']","['B', 'AE', 'T', 'ER', 'IH', 'NG']","['T', 'EH', 'N', 'D', 'Z']","['P', 'AE', 'K', 'IH', 'NG']","['S', 'OW', 'L', 'D']","['AH', 'M', 'AW', 'N', 'T']","['P', 'EY', 'T', 'UW']","['S', 'ER']","['CH', 'UW', 'CH', 'UW', 'CH', 'UW']","['D', 'AH', 'K', 'IH', 'NG']","['K', 'IH', 'D']","['N', 'IY', 'Z']",,,,,,,,,,,,,,,,
"['S', 'ER', 'CH']","['M', 'IH', 'K', 'S', 'T']","['Y', 'EH', 'S']","['K', 'AA', 'M', 'AH', 'T']","['R', 'IH', 'B', 'AH', 'N']","['ER', 'N', 'IH', 'NG']","['D', 'AH', 'G']","['S', 'W', 'AH', 'M']","['HH', 'AY', 'D', 'IH', 'NG']","['K', 'AH', 'P', 'AH', 'L', 'D']","['D', 'AH', 'Z']","['CH', 'AA', 'M', 'P', 'IH', 'NG']","['HH', 'UH', 'K', 'IH', 'NG']","['K', 'L', 'OW', 'Z', 'AH', 'Z']","['AH', 'JH', 'AH', 'S', 'T']","['S', 'K', 'R', 'UW']","['B', 'AW', 'N', 'D']","['S', 'EH', 'T', 'AH', 'L']","['T', 'UW', 'L']","['S', 'IH', 'T']","['IH', 'N', 'S', 'T', 'EH', 'D']","['R', 'UW', 'B', 'AA', 'R', 'B']","['L', 'AO', 'N', 'M', 'OW', 'ER', 'Z']","['M', 'AE', 'S', 'K', 'S']","['N', 'IH', 'R', 'L', 'IY']","['K', 'AH', 'S', 'T', 'ER', 'D']","['R', 'AA', 'B', 'ER', 'Z']","['HH', 'UW', 'Z']","['G', 'AA', 'T', 'AH']","['L', 'AY', 'T']","['P', 'EH', 'R', 'AH', 'T']","['D', 'AA', 'L', 'IY']","['D', 'AH', 'B', 'L', 'IY']","['R', 'OW', 'T', 'ER']","['L', 'IH', 'T', 'ER', 'AH', 'L']","['B', 'AH', 'K', 'AH', 'L']","['S', 'K', 'IY', 'Z']","['F', 'AE', 'S', 'AH', 'N']","['B', 'OW', 'N', 'S']","['W', 'AA', 'P', 'ER']","['F', 'IH', 'SH', 'AH', 'Z']","['SH', 'AH', 'V', 'AH', 'L', 'D']","['R', 'EH', 'P', 'T', 'AY', 'L']","['N', 'EY', 'M', 'Z']","['HH', 'EH', 'L', 'P']",,,,,,,,,,,,,
"['S', 'L', 'IH', 'M']","['D', 'R', 'AY', 'V', 'AH', 'N']","['T', 'R', 'EH', 'K']","['AH', 'S', 'K', 'EY', 'P']","['T', 'OW', 'T', 'AH', 'L', 'IY']","['M', 'IH', 'K', 'S']","['T', 'EY', 'K', 'AH', 'N']","['D', 'UW', 'P', 'L', 'OW']","['G', 'UW', 'F', 'IY']","['K', 'AE', 'B', 'IY']","['S', 'UW', 'N']","['S', 'W', 'AH', 'M']","['S', 'AE', 'N', 'D', 'IH', 'NG']","['D', 'AA', 'L', 'IY', 'Z']","['N', 'AY', 'S']","['M', 'EH', 'R', 'AH', 'L', 'IY']","['S', 'P', 'AA', 'T', 'IH', 'NG']","['S', 'IH', 'K', 'AH', 'L']","['D', 'AH', 'P', 'EH', 'N', 'D', 'IH', 'NG']","['T', 'IY', 'CH', 'ER', 'Z']","['K', 'R', 'EY', 'T']","['W', 'AA', 'SH', 'ER', 'Z']","['HH', 'AH', 'G']","['HH', 'AE', 'M', 'P', 'ER']","['L', 'IH', 'T', 'ER', 'AH', 'L']","['P', 'R', 'AH', 'F', 'ER', 'Z']","['CH', 'UW', 'CH', 'UW']","['S', 'AY', 'Z', 'D']","['G', 'R', 'OW', 'Z']","['EH', 'N', 'R', 'OW', 'L']","['N', 'EH', 'K', 'S', 'T']","['S', 'W', 'AA', 'M', 'P']","['B', 'IH', 'T', 'B', 'IH', 'T']","['W', 'EY', 'T', 'IH', 'NG']","['P', 'AA', 'R', 'T', 'IY', 'Z']","['F', 'AH', 'N', 'AH', 'L', 'S']","['N', 'OY', 'Z', 'AH', 'Z']","['G', 'R', 'OW', 'S']","['B', 'OY']","['S', 'ER', 'IH', 'N', 'JH']","['HH', 'IH', 'T', 'IH', 'NG']","['D', 'AA', 'L', 'IY']","['K', 'L', 'AY', 'V', 'S']","['K', 'ER', 'T', 'AH', 'N', 'S']","['P', 'ER']","['R', 'IY', 'JH', 'AH', 'N', 'Z']","['S', 'EH', 'V', 'AH', 'N']","['P', 'EH', 'G', 'Z']","['AY', 'T', 'AH', 'M', 'Z']",,,,,,,,,
"['B', 'IY', 'IH', 'NG']","['T', 'EH', 'N', 'D', 'ER']","['IH', 'N', 'JH', 'ER']","['T', 'AH', 'N', 'AY', 'T']","['L', 'EH', 'T', 'ER', 'Z']","['M', 'AA', 'D', 'ER', 'N']","['K', 'IH', 'S', 'AH', 'L']","['K', 'L', 'AH', 'M', 'P', 'IY']","['SH', 'EY', 'K', 'IH', 'NG']","['SH', 'UH', 'K']","['S', 'ER', 'V', 'AH', 'S']","['D', 'AH', 'M', 'P', 'T']","['HH', 'UH', 'K', 'S']","['M', 'EH', 'R', 'IY', 'L']","['N', 'IH', 'T', 'S']","['IH', 'N', 'D', 'IY', 'AH']","['S', 'W', 'EH', 'T']","['S', 'T', 'EY']","['S', 'T', 'AH', 'F']","['F', 'EY', 'T']","['F', 'AE', 'M', 'AH', 'L', 'IY']","['D', 'AW', 'N', 'D', 'AW', 'N', 'D', 'AW', 'N']","['B', 'AH', 'N', 'IY', 'L']","['HH', 'AA', 'B', 'IY']","['S', 'T', 'AE', 'K']","['P', 'L', 'AH', 'M', 'Z']","['SH', 'AH', 'V', 'IH', 'NG']","['R', 'AY', 'T', 'IH', 'NG']","['HH', 'AO']","['L', 'AO', 'N', 'CH']","['F', 'AO', 'T']","['S', 'P', 'ER', 'Z']","['S', 'P', 'R', 'IH', 'NG', 'Z']","['M', 'EH', 'N', 'S']","['K', 'EY', 'M']","['N', 'UW', 'K', 'IY']","['S', 'AE', 'N', 'D', 'IY']","['K', 'UH', 'K', 'T']","['IY', 'T']","['M', 'AA', 'R', 'SH', 'AH', 'L']","['F', 'IH', 'SH', 'AH', 'L']","['G', 'R', 'OW']","['SH', 'AA', 'K', 'IH', 'NG']","['P', 'IY', 'T', 'S']","['F', 'AO', 'R']","['R', 'AH', 'P', 'EH', 'R', 'D']","['B', 'R', 'IH', 'K', 'S']",,,,,,,,,,,
"['K', 'L', 'AY', 'V']","['D', 'R', 'AY', 'V', 'AE', 'N']","['P', 'L', 'AH', 'G', 'Z']","['D', 'AH', 'NG', 'K', 'ER']","['W', 'AH', 'T', 'ER']","['AH', 'G', 'EH', 'N', 'S', 'T']","['T', 'R', 'EY', 'S', 'IY', 'Z']","['K', 'IY', 'SH']","['S', 'W', 'UW', 'SH']","['W', 'EH', 'L', 'W', 'EH', 'L']","['HH', 'IH', 'Z']","['M', 'AO', 'L', 'T']","['SH', 'IY', 'L']","['W', 'EH', 'R', 'S']","['S', 'ER', 'F', 'AH', 'S']","['JH', 'AH', 'S', 'T', 'AH', 'N', 'S']","['B', 'L', 'EY', 'D', 'Z']","['L', 'AY', 'ER']","['K', 'IH', 'L']","['D', 'R', 'AE', 'G']","['S', 'EH', 'P']","['HH', 'EH', 'R', 'IY']","['B', 'AH', 'M', 'B', 'AH', 'L']","['R', 'AA', 'N']","['HH', 'EH', 'L', 'P', 'ER']","['P', 'OW', 'K', 'S']","['L', 'IH', 'D', 'Z']","['T', 'AA', 'T', 'AA']","['S', 'T', 'IH', 'K', 'AH', 'L']","['P', 'AE', 'K', 'IH', 'NG']","['CH', 'IH', 'K', 'AH', 'N', 'Z']","['S', 'T', 'IY', 'M']","['JH', 'AA', 'N', 'S']","['CH', 'IH', 'L', 'IY']","['R', 'OW', 'ER']","['P', 'IH', 'G', 'IY']","['W', 'AO', 'L', 'R', 'AH', 'S']","['L', 'AY', 'AH', 'N', 'S']","['T', 'EY', 'L', 'S']","['T', 'IH', 'K', 'IH', 'NG']","['B', 'AE', 'T', 'AH', 'L']","['L', 'UH', 'K']","['D', 'AH', 'B', 'AH', 'L']","['W', 'AO', 'R']","['S', 'OW', 'F', 'AH']","['JH', 'UW', 'L', 'IY']",,,,,,,,,,,,
"['W', 'AH', 'N', 'AH', 'L']","['P', 'AH', 'P', 'AH', 'T']","['R', 'IY', 'D', 'ER']","['S', 'IH', 'D']","['D', 'IY', 'L', 'IH', 'NG']","['T', 'AE', 'L', 'K']","['S', 'W', 'AA', 'N', 'S', 'IY']","['K', 'ER', 'AH', 'N', 'T', 'S']","['D', 'EH', 'TH']","['B', 'AE', 'N', 'D', 'AH', 'T', 'S']","['IY', 'T', 'IY', 'T']","['B', 'IY', 'P']","['P', 'EH', 'N', 'Z']","['SH', 'OW']","['P', 'AA', 'R', 'T', 'IY', 'Z']","['S', 'N', 'OW', 'IH', 'NG']","['D', 'EY', 'M', 'AH', 'N']","['JH', 'EY', 'M', 'IY', 'Z']","['P', 'AH', 'Z', 'AH', 'L']","['M', 'EH', 'T']","['M', 'AH', 'K']","['B', 'AO', 'B', 'AH', 'L']","['AE', 'NG', 'K', 'ER', 'Z']","['T', 'IY', 'CH']","['R', 'AA', 'B', 'ER']","['K', 'AE', 'N', 'Z']","['S', 'T', 'AA', 'R']","['B', 'EH', 'N', 'S']","['K', 'UW', 'P']","['B', 'ER', 'G', 'ER', 'Z']","['D', 'IH', 'G', 'R', 'IY']","['B', 'AH', 'B', 'AH', 'L']","['S', 'K', 'EH', 'R', 'IY']","['B', 'IH', 'K']","['M', 'UW', 'IH', 'NG']","['B', 'R', 'EY', 'N', 'Z']","['B', 'UW', 'B', 'UW']","['M', 'IH', 'N', 'IY']","['M', 'AH', 'G', 'IH', 'NG']","['D', 'AO', 'N']","['P', 'AA']","['P', 'L', 'EY', 'B', 'AH', 'S']","['F', 'L', 'AH', 'SH', 'IH', 'NG']","['S', 'W', 'IY', 'P']","['HH', 'UH', 'V', 'Z']","['AH', 'N', 'HH', 'AE', 'P', 'IY']","['HH', 'AO', 'R', 'N', 'D']","['N', 'IH', 'P', 'T']","['N', 'AH', 'T', 'S']","['R', 'AE', 'F', 'AH', 'L']","['JH', 'AE', 'M', 'S']","['K', 'L', 'OW', 'DH', 'Z']","['F', 'IH', 'SH', 'AH', 'L']",,,,,
"['T', 'AA', 'K']","['R', 'EY', 'S', 'IH', 'NG']","['R', 'AH', 'G']","['HH', 'AY', 'D', 'IY']","['L', 'EH', 'G', 'OW', 'Z']","['R', 'EH', 'P', 'T', 'AY', 'L']","['S', 'K', 'ER', 'T', 'IH', 'NG']","['AE', 'K', 'T', 'IH', 'NG']","['K', 'UH', 'K', 'ER']","['T', 'AE', 'NG', 'G', 'AH', 'L', 'Z']","['K', 'AH', 'L', 'EH', 'K', 'T', 'S']","['HH', 'EH', 'L', 'P', 'IH', 'NG']","['F', 'AY', 'ER', 'Z']","['L', 'AH', 'V', 'IH', 'NG']","['S', 'IH', 'V', 'AH', 'L']","['F', 'AO', 'B']","['R', 'OW', 'S', 'T', 'IH', 'NG']","['M', 'EH', 'T', 'AH', 'L']","['SH', 'AE', 'D', 'OW']","['K', 'AA', 'Z', 'D']","['S', 'T', 'AA', 'R', 'Z']","['B', 'EY', 'DH', 'IH', 'NG']","['F', 'AO', 'L', 'Z']","['CH', 'AA', 'P', 'IH', 'NG']","['P', 'EH', 'D', 'AH', 'L', 'IH', 'NG']","['R', 'UW', 'S', 'T']","['SH', 'IH', 'R', 'IH', 'NG']","['M', 'OW', 'L', 'D', 'IY']","['HH', 'AY', 'D']","['S', 'T', 'AO', 'R', 'D']","['R', 'AH', 'T', 'ER', 'N']","['L', 'UW', 'S']","['M', 'IH', 'S', 'T', 'ER', 'IY']","['D', 'AA', 'NG', 'K', 'IY', 'Z']","['S', 'IH', 'Z', 'ER']","['D', 'OW', 'N', 'AH', 'T']","['AW', 'T', 'AH', 'D']","['P', 'AY', 'L', 'D']","['AH', 'P', 'AH', 'P']","['S', 'P', 'AE', 'NG', 'K']","['B', 'AH', 'N', 'S']","['D', 'ER', 'T']","['HH', 'AH', 'B', 'ER', 'D']","['B', 'L', 'AA', 'B']","['D', 'AA', 'T']","['F', 'L', 'AE', 'T', 'AH', 'N', 'S']","['P', 'EH', 'R', 'Z']","['B', 'AE', 'S', 'K', 'AH', 'T']","['D', 'IH', 'S', 'AH', 'B', 'EY']","['P', 'AE', 'N', 'IH', 'K', 'IY']","['P', 'L', 'EY', 'N', 'Z']","['G', 'L', 'AE', 'S', 'AH', 'Z']",['ER'],"['S', 'AY', 'D']","['D', 'R', 'EH', 'N', 'CH', 'T']","['K', 'AH', 'T']",,
"['L', 'AE', 'F', 'IH', 'NG']","['P', 'IY']","['N', 'OY', 'Z', 'AH', 'Z']","['S', 'T', 'OW', 'N', 'Z']","['D', 'EH', 'M', 'IY']","['M', 'AH', 'SH']","['D', 'AH', 'M', 'P', 'L', 'IH', 'NG']","['JH', 'AH', 'G', 'AH', 'L', 'D']","['F', 'AO', 'R', 'T', 'IY', 'Z']","['T', 'IH', 'N', 'S', 'AH', 'L']","['N', 'AA']","['T', 'AH', 'B', 'IY']","['G', 'AA', 'R', 'D', 'AH', 'N']","['B', 'AH', 'F', 'ER']","['B', 'R', 'EY', 'K', 'ER']","['AE', 'Z', 'W', 'EH', 'L']","['D', 'AA', 'L', 'IY', 'Z']","['S', 'T', 'IH', 'K', 'IH', 'NG']","['IY', 'Z']","['W', 'EH', 'R', 'Z']","['B', 'AA', 'R', 'D']","['G', 'EH', 'S', 'T', 'S']","['S', 'P', 'AE', 'NG', 'K', 'T']","['P', 'IH', 'P', 'S']","['HH', 'AE', 'CH']","['P', 'UH', 'R', 'L', 'IY']","['G', 'R', 'EY', 'V', 'IY']","['S', 'IH', 'T', 'ER']","['M', 'AO', 'S']","['T', 'UH', 'K']","['D', 'R', 'AA', 'P', 'S']","['T', 'AH', 'K', 'T']","['V', 'IH', 'Z', 'AH', 'T', 'IH', 'NG']","['AE', 'NG', 'K', 'ER']","['S', 'AE', 'N', 'D', 'IH', 'NG']","['K', 'AO', 'R', 'AH', 'D', 'ER']","['HH', 'AH', 'G', 'IY']","['S', 'T', 'AE', 'N', 'D']","['B', 'R', 'UW']","['B', 'AE', 'T', 'ER', 'N']","['S', 'IH', 'V', 'AH', 'L']","['TH', 'R', 'UW']","['B', 'UH', 'K', 'S']","['G', 'IH', 'V', 'IH', 'NG']","['N', 'AA', 'D', 'IY', 'Z']",,,,,,,,,,,,,
"['D', 'AH', 'Z', 'AY', 'N']","['S', 'L', 'AY', 'D', 'S']","['S', 'T', 'EH', 'P', 'S']","['JH', 'AH', 'G', 'AH', 'L', 'ER']","['L', 'EH', 'T', 'IH', 'NG']","['M', 'AH', 'T', 'ER', 'IH', 'NG']","['F', 'IH', 'Z']","['P', 'OW', 'K', 'ER', 'Z']","['AE', 'N', 'S']","['CH', 'EH', 'R', 'AH', 'L']","['S', 'K', 'AA', 'R']","['B', 'L', 'EY', 'M']","['P', 'AE', 'N', 'IH', 'K']","['P', 'IY', 'K', 'P', 'IY', 'K']","['B', 'IY', 'T', 'IH', 'NG']","['P', 'AA']","['W', 'AO', 'T', 'ER', 'IH', 'NG']","['S', 'AE', 'M', 'IY']","['P', 'AY', 'D', 'IH', 'SH', 'AH', 'Z']","['P', 'IH', 'L', 'ER', 'Z']","['DH', 'AE', 'T', 'S']","['N', 'OW', 'IH', 'NG']","['L', 'AY', 'K', 'S']","['T', 'R', 'AE', 'M', 'P']","['S', 'AW', 'ER']","['S', 'AA', 'L']","['N', 'ER', 'V', 'Z']","['P', 'L', 'AE', 'NG', 'K']","['B', 'OW', 'L']","['S', 'T', 'AO', 'R', 'K']","['N', 'IY', 'T']","['K', 'IH', 'NG', 'K', 'IH', 'NG']","['N', 'AH', 'TH', 'IH', 'NG', 'AH', 'L']","['HH', 'AH', 'R', 'EY']","['W', 'IH', 'Z', 'ER']","['D', 'AH', 'T', 'AE', 'CH', 'T']","['W', 'IH', 'L', 'OW']","['S', 'W', 'IH', 'SH']","['F', 'AE', 'N']","['DH', 'OW', 'Z']","['M', 'IH', 'N', 'S', 'T']","['HH', 'AA', 'R', 'M', 'IH', 'NG']","['W', 'IH', 'S', 'K', 'IY']","['IH', 'N', 'S', 'AY', 'D']","['S', 'IH', 'K', 'S', 'AH', 'Z']","['K', 'IY', 'L']","['P', 'R', 'AH', 'F', 'ER']","['R', 'EH', 'S', 'AH', 'P', 'IY']","['HH', 'AE', 'M', 'ER', 'D']","['D', 'AH', 'T', 'EY', 'L', 'Z']","['G', 'R', 'AA', 'M', 'IH', 'T']",,,,,,,
